RISK_SCORE,RISK_TIER,APPLICANTS,PCT_OF_SCORED_APPLICANTS,TARGET_1_COUNT,TARGET_1_RATE
73.75,High,3911,1.3411,403,10.3043
91.25,High,3170,1.0870,369,11.6404
52.50,Elevated,4700,1.6117,444,9.4468
55.00,Elevated,5194,1.7811,517,9.9538
72.50,High,4938,1.6933,496,10.0446
82.50,High,4661,1.5983,493,10.5771
35.00,Elevated,5209,1.7862,432,8.2933
17.50,Low,7464,2.5595,552,7.3955
43.75,Elevated,3997,1.3706,346,8.6565
65.00,High,4876,1.6720,503,10.3158
18.75,Moderate,4169,1.4296,291,6.9801
100.00,High,6364,2.1823,916,14.3935
38.75,Elevated,3705,1.2705,227,6.1269
71.25,High,3207,1.0997,354,11.0384
10.00,Low,32739,11.2265,2174,6.6404
26.25,Moderate,4977,1.7067,404,8.1173
90.00,High,6430,2.2049,877,13.6392
37.50,Elevated,7400,2.5375,585,7.9054
46.25,Elevated,4877,1.6724,404,8.2838
47.50,Elevated,6744,2.3126,555,8.2295
8.75,Low,4343,1.4893,310,7.1379
0.00,Low,32242,11.0561,1921,5.9581
20.00,Moderate,33239,11.3979,2384,7.1723
30.00,Moderate,35325,12.1132,2526,7.1507
28.75,Moderate,4055,1.3905,300,7.3983
70.00,High,5882,2.0170,611,10.3876
27.50,Moderate,7311,2.5070,534,7.3041
81.25,High,3230,1.1076,364,11.2693
63.75,High,3890,1.3339,424,10.8997
62.50,High,4990,1.7111,465,9.3186
56.25,High,4656,1.5966,413,8.8703
80.00,High,6398,2.1939,738,11.5349
36.25,Elevated,4866,1.6686,424,8.7135
45.00,Elevated,5326,1.8263,473,8.8810
61.25,High,3164,1.0850,297,9.3869
53.75,Elevated,3974,1.3627,349,8.7821
